Germany;https://en.wikipedia.org//wiki/List_of_universities_in_Germany;Australia;/wiki/List_of_universities_in_Australia
Germany;https://en.wikipedia.org//wiki/List_of_universities_in_Germany;Cook Islands;/wiki/List_of_universities_in_Polynesia#Cook_Islands
Germany;https://en.wikipedia.org//wiki/List_of_universities_in_Germany;Fiji;/wiki/List_of_universities_in_Melanesia#Fiji
Germany;https://en.wikipedia.org//wiki/List_of_universities_in_Germany;French Polynesia;/wiki/List_of_universities_in_Polynesia#French_Polynesia
Germany;https://en.wikipedia.org//wiki/List_of_universities_in_Germany;New Zealand;/wiki/List_of_universities_in_New_Zealand
Germany;https://en.wikipedia.org//wiki/List_of_universities_in_Germany;Nauru;/wiki/List_of_universities_in_Polynesia#Nauru
Germany;https://en.wikipedia.org//wiki/List_of_universities_in_Germany;Niue;/wiki/List_of_universities_in_Polynesia#Niue
Germany;https://en.wikipedia.org//wiki/List_of_universities_in_Germany;Papua New Guinea;/wiki/List_of_schools_in_Papua_New_Guinea#Universities_and_tertiary_education
Germany;https://en.wikipedia.org//wiki/List_of_universities_in_Germany;Samoa;/wiki/List_of_universities_in_Polynesia#Samoa
Germany;https://en.wikipedia.org//wiki/List_of_universities_in_Germany;Solomon Islands;/wiki/List_of_universities_in_Melanesia#Solomon_Islands
Germany;https://en.wikipedia.org//wiki/List_of_universities_in_Germany;Tokelau;/wiki/List_of_universities_in_Polynesia#Tokelau
Germany;https://en.wikipedia.org//wiki/List_of_universities_in_Germany;Tonga;/wiki/List_of_universities_in_Polynesia#Tonga
Germany;https://en.wikipedia.org//wiki/List_of_universities_in_Germany;Tuvalu;/wiki/List_of_universities_in_Polynesia#Tuvalu
Germany;https://en.wikipedia.org//wiki/List_of_universities_in_Germany;Vanuatu;/wiki/List_of_universities_in_Melanesia#Vanuatu
Germany;https://en.wikipedia.org//wiki/List_of_universities_in_Germany;Wallis and Futuna;/wiki/List_of_universities_in_Polynesia#Wallis_and_Futuna
Germany;https://en.wikipedia.org//wiki/List_of_universities_in_Germany;Australia;/wiki/List_of_universities_in_Australia
Germany;https://en.wikipedia.org//wiki/List_of_universities_in_Germany;Cook Islands;/wiki/List_of_universities_in_Polynesia#Cook_Islands
Germany;https://en.wikipedia.org//wiki/List_of_universities_in_Germany;Fiji;/wiki/List_of_universities_in_Melanesia#Fiji
Germany;https://en.wikipedia.org//wiki/List_of_universities_in_Germany;French Polynesia;/wiki/List_of_universities_in_Polynesia#French_Polynesia
Germany;https://en.wikipedia.org//wiki/List_of_universities_in_Germany;New Zealand;/wiki/List_of_universities_in_New_Zealand
Germany;https://en.wikipedia.org//wiki/List_of_universities_in_Germany;Nauru;/wiki/List_of_universities_in_Polynesia#Nauru
Germany;https://en.wikipedia.org//wiki/List_of_universities_in_Germany;Niue;/wiki/List_of_universities_in_Polynesia#Niue
Germany;https://en.wikipedia.org//wiki/List_of_universities_in_Germany;Papua New Guinea;/wiki/List_of_schools_in_Papua_New_Guinea#Universities_and_tertiary_education
Germany;https://en.wikipedia.org//wiki/List_of_universities_in_Germany;Samoa;/wiki/List_of_universities_in_Polynesia#Samoa
Germany;https://en.wikipedia.org//wiki/List_of_universities_in_Germany;Solomon Islands;/wiki/List_of_universities_in_Melanesia#Solomon_Islands
Germany;https://en.wikipedia.org//wiki/List_of_universities_in_Germany;Tokelau;/wiki/List_of_universities_in_Polynesia#Tokelau
Germany;https://en.wikipedia.org//wiki/List_of_universities_in_Germany;Tonga;/wiki/List_of_universities_in_Polynesia#Tonga
Germany;https://en.wikipedia.org//wiki/List_of_universities_in_Germany;Tuvalu;/wiki/List_of_universities_in_Polynesia#Tuvalu
Germany;https://en.wikipedia.org//wiki/List_of_universities_in_Germany;Vanuatu;/wiki/List_of_universities_in_Melanesia#Vanuatu
Germany;https://en.wikipedia.org//wiki/List_of_universities_in_Germany;Wallis and Futuna;/wiki/List_of_universities_in_Polynesia#Wallis_and_Futuna
Germany;https://en.wikipedia.org//wiki/List_of_universities_in_Germany;Australia;/wiki/List_of_universities_in_Australia
Germany;https://en.wikipedia.org//wiki/List_of_universities_in_Germany;Cook Islands;/wiki/List_of_universities_in_Polynesia#Cook_Islands
Germany;https://en.wikipedia.org//wiki/List_of_universities_in_Germany;Fiji;/wiki/List_of_universities_in_Melanesia#Fiji
Germany;https://en.wikipedia.org//wiki/List_of_universities_in_Germany;French Polynesia;/wiki/List_of_universities_in_Polynesia#French_Polynesia
Germany;https://en.wikipedia.org//wiki/List_of_universities_in_Germany;New Zealand;/wiki/List_of_universities_in_New_Zealand
Germany;https://en.wikipedia.org//wiki/List_of_universities_in_Germany;Nauru;/wiki/List_of_universities_in_Polynesia#Nauru
Germany;https://en.wikipedia.org//wiki/List_of_universities_in_Germany;Niue;/wiki/List_of_universities_in_Polynesia#Niue
Germany;https://en.wikipedia.org//wiki/List_of_universities_in_Germany;Papua New Guinea;/wiki/List_of_schools_in_Papua_New_Guinea#Universities_and_tertiary_education
Germany;https://en.wikipedia.org//wiki/List_of_universities_in_Germany;Samoa;/wiki/List_of_universities_in_Polynesia#Samoa
Germany;https://en.wikipedia.org//wiki/List_of_universities_in_Germany;Solomon Islands;/wiki/List_of_universities_in_Melanesia#Solomon_Islands
Germany;https://en.wikipedia.org//wiki/List_of_universities_in_Germany;Tokelau;/wiki/List_of_universities_in_Polynesia#Tokelau
Germany;https://en.wikipedia.org//wiki/List_of_universities_in_Germany;Tonga;/wiki/List_of_universities_in_Polynesia#Tonga
Germany;https://en.wikipedia.org//wiki/List_of_universities_in_Germany;Tuvalu;/wiki/List_of_universities_in_Polynesia#Tuvalu
Germany;https://en.wikipedia.org//wiki/List_of_universities_in_Germany;Vanuatu;/wiki/List_of_universities_in_Melanesia#Vanuatu
Germany;https://en.wikipedia.org//wiki/List_of_universities_in_Germany;Wallis and Futuna;/wiki/List_of_universities_in_Polynesia#Wallis_and_Futuna
Germany;https://en.wikipedia.org//wiki/List_of_universities_in_Germany;Australia;/wiki/List_of_universities_in_Australia
Germany;https://en.wikipedia.org//wiki/List_of_universities_in_Germany;Cook Islands;/wiki/List_of_universities_in_Polynesia#Cook_Islands
Germany;https://en.wikipedia.org//wiki/List_of_universities_in_Germany;Fiji;/wiki/List_of_universities_in_Melanesia#Fiji
Germany;https://en.wikipedia.org//wiki/List_of_universities_in_Germany;French Polynesia;/wiki/List_of_universities_in_Polynesia#French_Polynesia
Germany;https://en.wikipedia.org//wiki/List_of_universities_in_Germany;New Zealand;/wiki/List_of_universities_in_New_Zealand
Germany;https://en.wikipedia.org//wiki/List_of_universities_in_Germany;Nauru;/wiki/List_of_universities_in_Polynesia#Nauru
Germany;https://en.wikipedia.org//wiki/List_of_universities_in_Germany;Niue;/wiki/List_of_universities_in_Polynesia#Niue
Germany;https://en.wikipedia.org//wiki/List_of_universities_in_Germany;Papua New Guinea;/wiki/List_of_schools_in_Papua_New_Guinea#Universities_and_tertiary_education
Germany;https://en.wikipedia.org//wiki/List_of_universities_in_Germany;Samoa;/wiki/List_of_universities_in_Polynesia#Samoa
Germany;https://en.wikipedia.org//wiki/List_of_universities_in_Germany;Solomon Islands;/wiki/List_of_universities_in_Melanesia#Solomon_Islands
Germany;https://en.wikipedia.org//wiki/List_of_universities_in_Germany;Tokelau;/wiki/List_of_universities_in_Polynesia#Tokelau
Germany;https://en.wikipedia.org//wiki/List_of_universities_in_Germany;Tonga;/wiki/List_of_universities_in_Polynesia#Tonga
Germany;https://en.wikipedia.org//wiki/List_of_universities_in_Germany;Tuvalu;/wiki/List_of_universities_in_Polynesia#Tuvalu
Germany;https://en.wikipedia.org//wiki/List_of_universities_in_Germany;Vanuatu;/wiki/List_of_universities_in_Melanesia#Vanuatu
Germany;https://en.wikipedia.org//wiki/List_of_universities_in_Germany;Wallis and Futuna;/wiki/List_of_universities_in_Polynesia#Wallis_and_Futuna
Germany;https://en.wikipedia.org//wiki/List_of_universities_in_Germany;Australia;/wiki/List_of_universities_in_Australia
Germany;https://en.wikipedia.org//wiki/List_of_universities_in_Germany;Cook Islands;/wiki/List_of_universities_in_Polynesia#Cook_Islands
Germany;https://en.wikipedia.org//wiki/List_of_universities_in_Germany;Fiji;/wiki/List_of_universities_in_Melanesia#Fiji
Germany;https://en.wikipedia.org//wiki/List_of_universities_in_Germany;French Polynesia;/wiki/List_of_universities_in_Polynesia#French_Polynesia
Germany;https://en.wikipedia.org//wiki/List_of_universities_in_Germany;New Zealand;/wiki/List_of_universities_in_New_Zealand
Germany;https://en.wikipedia.org//wiki/List_of_universities_in_Germany;Nauru;/wiki/List_of_universities_in_Polynesia#Nauru
Germany;https://en.wikipedia.org//wiki/List_of_universities_in_Germany;Niue;/wiki/List_of_universities_in_Polynesia#Niue
Germany;https://en.wikipedia.org//wiki/List_of_universities_in_Germany;Papua New Guinea;/wiki/List_of_schools_in_Papua_New_Guinea#Universities_and_tertiary_education
Germany;https://en.wikipedia.org//wiki/List_of_universities_in_Germany;Samoa;/wiki/List_of_universities_in_Polynesia#Samoa
Germany;https://en.wikipedia.org//wiki/List_of_universities_in_Germany;Solomon Islands;/wiki/List_of_universities_in_Melanesia#Solomon_Islands
Germany;https://en.wikipedia.org//wiki/List_of_universities_in_Germany;Tokelau;/wiki/List_of_universities_in_Polynesia#Tokelau
Germany;https://en.wikipedia.org//wiki/List_of_universities_in_Germany;Tonga;/wiki/List_of_universities_in_Polynesia#Tonga
Germany;https://en.wikipedia.org//wiki/List_of_universities_in_Germany;Tuvalu;/wiki/List_of_universities_in_Polynesia#Tuvalu
Germany;https://en.wikipedia.org//wiki/List_of_universities_in_Germany;Vanuatu;/wiki/List_of_universities_in_Melanesia#Vanuatu
Germany;https://en.wikipedia.org//wiki/List_of_universities_in_Germany;Wallis and Futuna;/wiki/List_of_universities_in_Polynesia#Wallis_and_Futuna
Germany;https://en.wikipedia.org//wiki/List_of_universities_in_Germany;Australia;/wiki/List_of_universities_in_Australia
Germany;https://en.wikipedia.org//wiki/List_of_universities_in_Germany;Cook Islands;/wiki/List_of_universities_in_Polynesia#Cook_Islands
Germany;https://en.wikipedia.org//wiki/List_of_universities_in_Germany;Fiji;/wiki/List_of_universities_in_Melanesia#Fiji
Germany;https://en.wikipedia.org//wiki/List_of_universities_in_Germany;French Polynesia;/wiki/List_of_universities_in_Polynesia#French_Polynesia
Germany;https://en.wikipedia.org//wiki/List_of_universities_in_Germany;New Zealand;/wiki/List_of_universities_in_New_Zealand
Germany;https://en.wikipedia.org//wiki/List_of_universities_in_Germany;Nauru;/wiki/List_of_universities_in_Polynesia#Nauru
Germany;https://en.wikipedia.org//wiki/List_of_universities_in_Germany;Niue;/wiki/List_of_universities_in_Polynesia#Niue
Germany;https://en.wikipedia.org//wiki/List_of_universities_in_Germany;Papua New Guinea;/wiki/List_of_schools_in_Papua_New_Guinea#Universities_and_tertiary_education
Germany;https://en.wikipedia.org//wiki/List_of_universities_in_Germany;Samoa;/wiki/List_of_universities_in_Polynesia#Samoa
Germany;https://en.wikipedia.org//wiki/List_of_universities_in_Germany;Solomon Islands;/wiki/List_of_universities_in_Melanesia#Solomon_Islands
Germany;https://en.wikipedia.org//wiki/List_of_universities_in_Germany;Tokelau;/wiki/List_of_universities_in_Polynesia#Tokelau
Germany;https://en.wikipedia.org//wiki/List_of_universities_in_Germany;Tonga;/wiki/List_of_universities_in_Polynesia#Tonga
Germany;https://en.wikipedia.org//wiki/List_of_universities_in_Germany;Tuvalu;/wiki/List_of_universities_in_Polynesia#Tuvalu
Germany;https://en.wikipedia.org//wiki/List_of_universities_in_Germany;Vanuatu;/wiki/List_of_universities_in_Melanesia#Vanuatu
Germany;https://en.wikipedia.org//wiki/List_of_universities_in_Germany;Wallis and Futuna;/wiki/List_of_universities_in_Polynesia#Wallis_and_Futuna
Germany;https://en.wikipedia.org//wiki/List_of_universities_in_Germany;Australia;/wiki/List_of_universities_in_Australia
Germany;https://en.wikipedia.org//wiki/List_of_universities_in_Germany;Cook Islands;/wiki/List_of_universities_in_Polynesia#Cook_Islands
Germany;https://en.wikipedia.org//wiki/List_of_universities_in_Germany;Fiji;/wiki/List_of_universities_in_Melanesia#Fiji
Germany;https://en.wikipedia.org//wiki/List_of_universities_in_Germany;French Polynesia;/wiki/List_of_universities_in_Polynesia#French_Polynesia
Germany;https://en.wikipedia.org//wiki/List_of_universities_in_Germany;New Zealand;/wiki/List_of_universities_in_New_Zealand
Germany;https://en.wikipedia.org//wiki/List_of_universities_in_Germany;Nauru;/wiki/List_of_universities_in_Polynesia#Nauru
Germany;https://en.wikipedia.org//wiki/List_of_universities_in_Germany;Niue;/wiki/List_of_universities_in_Polynesia#Niue
Germany;https://en.wikipedia.org//wiki/List_of_universities_in_Germany;Papua New Guinea;/wiki/List_of_schools_in_Papua_New_Guinea#Universities_and_tertiary_education
Germany;https://en.wikipedia.org//wiki/List_of_universities_in_Germany;Samoa;/wiki/List_of_universities_in_Polynesia#Samoa
Germany;https://en.wikipedia.org//wiki/List_of_universities_in_Germany;Solomon Islands;/wiki/List_of_universities_in_Melanesia#Solomon_Islands
Germany;https://en.wikipedia.org//wiki/List_of_universities_in_Germany;Tokelau;/wiki/List_of_universities_in_Polynesia#Tokelau
Germany;https://en.wikipedia.org//wiki/List_of_universities_in_Germany;Tonga;/wiki/List_of_universities_in_Polynesia#Tonga
Germany;https://en.wikipedia.org//wiki/List_of_universities_in_Germany;Tuvalu;/wiki/List_of_universities_in_Polynesia#Tuvalu
Germany;https://en.wikipedia.org//wiki/List_of_universities_in_Germany;Vanuatu;/wiki/List_of_universities_in_Melanesia#Vanuatu
Germany;https://en.wikipedia.org//wiki/List_of_universities_in_Germany;Wallis and Futuna;/wiki/List_of_universities_in_Polynesia#Wallis_and_Futuna
Germany;https://en.wikipedia.org//wiki/List_of_universities_in_Germany;Australia;/wiki/List_of_universities_in_Australia
Germany;https://en.wikipedia.org//wiki/List_of_universities_in_Germany;Cook Islands;/wiki/List_of_universities_in_Polynesia#Cook_Islands
Germany;https://en.wikipedia.org//wiki/List_of_universities_in_Germany;Fiji;/wiki/List_of_universities_in_Melanesia#Fiji
Germany;https://en.wikipedia.org//wiki/List_of_universities_in_Germany;French Polynesia;/wiki/List_of_universities_in_Polynesia#French_Polynesia
Germany;https://en.wikipedia.org//wiki/List_of_universities_in_Germany;New Zealand;/wiki/List_of_universities_in_New_Zealand
Germany;https://en.wikipedia.org//wiki/List_of_universities_in_Germany;Nauru;/wiki/List_of_universities_in_Polynesia#Nauru
Germany;https://en.wikipedia.org//wiki/List_of_universities_in_Germany;Niue;/wiki/List_of_universities_in_Polynesia#Niue
Germany;https://en.wikipedia.org//wiki/List_of_universities_in_Germany;Papua New Guinea;/wiki/List_of_schools_in_Papua_New_Guinea#Universities_and_tertiary_education
Germany;https://en.wikipedia.org//wiki/List_of_universities_in_Germany;Samoa;/wiki/List_of_universities_in_Polynesia#Samoa
Germany;https://en.wikipedia.org//wiki/List_of_universities_in_Germany;Solomon Islands;/wiki/List_of_universities_in_Melanesia#Solomon_Islands
Germany;https://en.wikipedia.org//wiki/List_of_universities_in_Germany;Tokelau;/wiki/List_of_universities_in_Polynesia#Tokelau
Germany;https://en.wikipedia.org//wiki/List_of_universities_in_Germany;Tonga;/wiki/List_of_universities_in_Polynesia#Tonga
Germany;https://en.wikipedia.org//wiki/List_of_universities_in_Germany;Tuvalu;/wiki/List_of_universities_in_Polynesia#Tuvalu
Germany;https://en.wikipedia.org//wiki/List_of_universities_in_Germany;Vanuatu;/wiki/List_of_universities_in_Melanesia#Vanuatu
Germany;https://en.wikipedia.org//wiki/List_of_universities_in_Germany;Wallis and Futuna;/wiki/List_of_universities_in_Polynesia#Wallis_and_Futuna
Germany;https://en.wikipedia.org//wiki/List_of_universities_in_Germany;Australia;/wiki/List_of_universities_in_Australia
Germany;https://en.wikipedia.org//wiki/List_of_universities_in_Germany;Cook Islands;/wiki/List_of_universities_in_Polynesia#Cook_Islands
Germany;https://en.wikipedia.org//wiki/List_of_universities_in_Germany;Fiji;/wiki/List_of_universities_in_Melanesia#Fiji
Germany;https://en.wikipedia.org//wiki/List_of_universities_in_Germany;French Polynesia;/wiki/List_of_universities_in_Polynesia#French_Polynesia
Germany;https://en.wikipedia.org//wiki/List_of_universities_in_Germany;New Zealand;/wiki/List_of_universities_in_New_Zealand
Germany;https://en.wikipedia.org//wiki/List_of_universities_in_Germany;Nauru;/wiki/List_of_universities_in_Polynesia#Nauru
Germany;https://en.wikipedia.org//wiki/List_of_universities_in_Germany;Niue;/wiki/List_of_universities_in_Polynesia#Niue
Germany;https://en.wikipedia.org//wiki/List_of_universities_in_Germany;Papua New Guinea;/wiki/List_of_schools_in_Papua_New_Guinea#Universities_and_tertiary_education
Germany;https://en.wikipedia.org//wiki/List_of_universities_in_Germany;Samoa;/wiki/List_of_universities_in_Polynesia#Samoa
Germany;https://en.wikipedia.org//wiki/List_of_universities_in_Germany;Solomon Islands;/wiki/List_of_universities_in_Melanesia#Solomon_Islands
Germany;https://en.wikipedia.org//wiki/List_of_universities_in_Germany;Tokelau;/wiki/List_of_universities_in_Polynesia#Tokelau
Germany;https://en.wikipedia.org//wiki/List_of_universities_in_Germany;Tonga;/wiki/List_of_universities_in_Polynesia#Tonga
Germany;https://en.wikipedia.org//wiki/List_of_universities_in_Germany;Tuvalu;/wiki/List_of_universities_in_Polynesia#Tuvalu
Germany;https://en.wikipedia.org//wiki/List_of_universities_in_Germany;Vanuatu;/wiki/List_of_universities_in_Melanesia#Vanuatu
Germany;https://en.wikipedia.org//wiki/List_of_universities_in_Germany;Wallis and Futuna;/wiki/List_of_universities_in_Polynesia#Wallis_and_Futuna
